Date,"['2020-05-13', '2020-05-14', '2020-05-15', '2020-05-16', '2020-05-17', '2020-05-18', '2020-05-19', '2020-05-20', '2020-05-21', '2020-05-22', '2020-05-23', '2020-05-24', '2020-05-25', '2020-05-26', '2020-05-27', '2020-05-28', '2020-05-29', '2020-05-30', '2020-05-31', '2020-06-01', '2020-06-02', '2020-06-03', '2020-06-04', '2020-06-05', '2020-06-06', '2020-06-07', '2020-06-08', '2020-06-09', '2020-06-10', '2020-06-11', '2020-06-12', '2020-06-13', '2020-06-14', '2020-06-15', '2020-06-16', '2020-06-17', '2020-06-18', '2020-06-19', '2020-06-20', '2020-06-21', '2020-06-22', '2020-06-23', '2020-06-24', '2020-06-25', '2020-06-26', '2020-06-27', '2020-06-28', '2020-06-29', '2020-06-30', '2020-07-01', '2020-07-02', '2020-07-03', '2020-07-04', '2020-07-05', '2020-07-06', '2020-07-07', '2020-07-08', '2020-07-09', '2020-07-10', '2020-07-11', '2020-07-12', '2020-07-13', '2020-07-14', '2020-07-15', '2020-07-16', '2020-07-17', '2020-07-18', '2020-07-19', '2020-07-20', '2020-07-21', '2020-07-22', '2020-07-23', '2020-07-24', '2020-07-25', '2020-07-26', '2020-07-27', '2020-07-28', '2020-07-29', '2020-07-30', '2020-07-31', '2020-08-01', '2020-08-02', '2020-08-03', '2020-08-04', '2020-08-05', '2020-08-06', '2020-08-07', '2020-08-08', '2020-08-09', '2020-08-10', '2020-08-11', '2020-08-12', '2020-08-13', '2020-08-14', '2020-08-15', '2020-08-16', '2020-08-17', '2020-08-18', '2020-08-19', '2020-08-20', '2020-08-21', '2020-08-22', '2020-08-23', '2020-08-24', '2020-08-25', '2020-08-26', '2020-08-27', '2020-08-28', '2020-08-29', '2020-08-30', '2020-08-31', '2020-09-01', '2020-09-02', '2020-09-03', '2020-09-04', '2020-09-05', '2020-09-06', '2020-09-07', '2020-09-08', '2020-09-09', '2020-09-10', '2020-09-11', '2020-09-12', '2020-09-13', '2020-09-14', '2020-09-15', '2020-09-16', '2020-09-17', '2020-09-18', '2020-09-19', '2020-09-20', '2020-09-21', '2020-09-22', '2020-09-23', '2020-09-24', '2020-09-25', '2020-09-26', '2020-09-27', '2020-09-28', '2020-09-29', '2020-09-30', '2020-10-01', '2020-10-02', '2020-10-03', '2020-10-04', '2020-10-05', '2020-10-06', '2020-10-07', '2020-10-08', '2020-10-09', '2020-10-10', '2020-10-11', '2020-10-12', '2020-10-13', '2020-10-14', '2020-10-15', '2020-10-16', '2020-10-17', '2020-10-18', '2020-10-19', '2020-10-20', '2020-10-21', '2020-10-22', '2020-10-23', '2020-10-24', '2020-10-25', '2020-10-26', '2020-10-27', '2020-10-28', '2020-10-29', '2020-10-30', '2020-10-31', '2020-11-01', '2020-11-02', '2020-11-03', '2020-11-04', '2020-11-05', '2020-11-06', '2020-11-07', '2020-11-08', '2020-11-09', '2020-11-10', '2020-11-11', '2020-11-12', '2020-11-13', '2020-11-14', '2020-11-15', '2020-11-16', '2020-11-17', '2020-11-18', '2020-11-19', '2020-11-20', '2020-11-21', '2020-11-22', '2020-11-23', '2020-11-24', '2020-11-25', '2020-11-26', '2020-11-27', '2020-11-28', '2020-11-29', '2020-11-30', '2020-12-01', '2020-12-02', '2020-12-03', '2020-12-04', '2020-12-05', '2020-12-06', '2020-12-07', '2020-12-08', '2020-12-09', '2020-12-10', '2020-12-11', '2020-12-12', '2020-12-13', '2020-12-14', '2020-12-15', '2020-12-16', '2020-12-17', '2020-12-18', '2020-12-19', '2020-12-20', '2020-12-21', '2020-12-22', '2020-12-23', '2020-12-24', '2020-12-25', '2020-12-26', '2020-12-27', '2020-12-28', '2020-12-29', '2020-12-30', '2020-12-31', '2021-01-01', '2021-01-02', '2021-01-03', '2021-01-04', '2021-01-05', '2021-01-06', '2021-01-07', '2021-01-08', '2021-01-09', '2021-01-10', '2021-01-11', '2021-01-12', '2021-01-13', '2021-01-14', '2021-01-15', '2021-01-16', '2021-01-17', '2021-01-18', '2021-01-19', '2021-01-20', '2021-01-21', '2021-01-22', '2021-01-23', '2021-01-24', '2021-01-25', '2021-01-26', '2021-01-27', '2021-01-28', '2021-01-29', '2021-01-30', '2021-01-31', '2021-02-01', '2021-02-02', '2021-02-03', '2021-02-04', '2021-02-05', '2021-02-06', '2021-02-07', '2021-02-08', '2021-02-09', '2021-02-10', '2021-02-11', '2021-02-12', '2021-02-13', '2021-02-14', '2021-02-15', '2021-02-16', '2021-02-17', '2021-02-18', '2021-02-19', '2021-02-20', '2021-02-21', '2021-02-22', '2021-02-23', '2021-02-24', '2021-02-25', '2021-02-26', '2021-02-27', '2021-02-28', '2021-03-01', '2021-03-02', '2021-03-03', '2021-03-04', '2021-03-05', '2021-03-06', '2021-03-07', '2021-03-08', '2021-03-09', '2021-03-10', '2021-03-11', '2021-03-12', '2021-03-13', '2021-03-14', '2021-03-15', '2021-03-16', '2021-03-17', '2021-03-18', '2021-03-19', '2021-03-20', '2021-03-21', '2021-03-22', '2021-03-23', '2021-03-24', '2021-03-25', '2021-03-26', '2021-03-27', '2021-03-28', '2021-03-29', '2021-03-30', '2021-03-31', '2021-04-01', '2021-04-02', '2021-04-03', '2021-04-04', '2021-04-05', '2021-04-06', '2021-04-07', '2021-04-08', '2021-04-09', '2021-04-10', '2021-04-11', '2021-04-12', '2021-04-13', '2021-04-14', '2021-04-15', '2021-04-16', '2021-04-17', '2021-04-18', '2021-04-19', '2021-04-20', '2021-04-21', '2021-04-22', '2021-04-23', '2021-04-24', '2021-04-25', '2021-04-26', '2021-04-27', '2021-04-28', '2021-04-29', '2021-04-30', '2021-05-01', '2021-05-02', '2021-05-03', '2021-05-04', '2021-05-05', '2021-05-06', '2021-05-07', '2021-05-08', '2021-05-09', '2021-05-10', '2021-05-11']"
ETH,"['+%5.14', '+%3.85', '-%6.31', '+%2.19', '+%3.02', '+%4.05', '+%0.09', '-%2.89', '+%0.42', '-%1.51', '+%0.52', '-%3.77', '+%2.49', '-%1.52', '+%4.07', '+%3.94', '+%0.74', '+%11.75', '-%3.36', '+%7.41', '-%7.99', '+%2.71', '+%0.51', '+%0.54', '-%1.33', '+%0.35', '+%0.95', '+%0.88', '+%0.18', '+%0.00', '-%4.61', '-%0.24', '-%0.06', '-%2.06', '+%0.96', '-%0.44', '-%0.88', '-%1.30', '+%0.62', '-%1.00', '+%7.74', '-%1.24', '+%2.20', '-%5.96', '-%1.84', '-%1.88', '-%0.11', '+%1.06', '-%0.63', '+%1.89', '-%1.61', '-%0.57', '+%1.28', '-%0.51', '+%5.91', '-%0.50', '+%3.38', '-%2.40', '+%0.23', '-%1.33', '+%1.08', '+%0.01', '-%0.49', '-%1.03', '-%0.05', '-%1.83', '+%1.28', '+%0.69', '-%0.18', '+%3.30', '+%8.38', '+%4.95', '+%2.39', '+%7.55', '+%3.13', '+%12.76', '-%12.27', '+%1.88', '+%4.10', '+%3.49', '+%11.24', '+%6.06', '-%5.11', '+%2.04', '+%1.87', '-%1.76', '-%1.23', '-%0.20', '+%0.69', '-%0.26', '-%0.24', '-%2.27', '+%10.84', '+%3.00', '-%0.40', '-%1.36', '+%2.30', '-%4.90', '+%0.16', '-%1.85', '-%0.07', '-%5.44', '+%0.10', '+%3.22', '-%0.32', '-%4.01', '-%1.41', '+%2.63', '+%1.51', '+%6.43', '+%1.50', '+%10.78', '-%0.50', '-%6.77', '-%12.63', '-%1.40', '-%9.53', '-%0.49', '-%0.55', '+%0.74', '+%5.11', '-%0.59', '+%3.42', '-%1.12', '-%0.27', '-%0.14', '-%3.07', '+%6.38', '-%0.74', '-%0.51', '-%2.33', '-%1.17', '-%8.54', '-%0.64', '+%2.39', '+%1.47', '-%0.71', '+%1.74', '+%1.78', '-%2.10', '+%0.23', '-%0.57', '-%1.44', '-%1.25', '+%1.05', '+%1.15', '-%0.65', '-%3.63', '+%3.07', '+%4.28', '+%2.72', '-%0.56', '+%4.99', '-%1.91', '-%0.93', '-%0.15', '-%1.00', '-%2.92', '+%2.84', '+%1.27', '+%0.42', '+%4.08', '+%4.85', '-%0.42', '-%0.15', '-%1.67', '-%0.14', '-%0.28', '-%0.22', '-%3.90', '-%0.49', '+%0.13', '+%1.31', '+%1.68', '-%1.57', '+%2.62', '+%2.98', '+%8.91', '+%2.14', '-%1.74', '-%0.28', '-%0.81', '+%4.74', '-%1.33', '+%1.61', '-%0.04', '-%3.18', '+%1.84', '+%5.10', '-%0.12', '-%2.67', '+%6.68', '+%7.53', '+%5.05', '+%5.11', '+%5.71', '-%6.52', '-%5.05', '-%8.65', '+%3.25', '+%5.20', '+%6.85', '+%3.21', '-%5.20', '+%3.15', '-%0.52', '-%3.42', '+%1.74', '-%1.32', '-%1.23', '-%3.01', '-%0.44', '-%2.66', '+%2.46', '+%3.65', '-%0.61', '+%0.93', '+%7.00', '+%5.82', '-%1.76', '+%0.84', '-%1.32', '-%2.04', '-%1.56', '+%0.07', '-%3.81', '+%3.08', '+%2.86', '+%9.53', '+%4.60', '-%1.01', '+%2.55', '-%0.34', '-%0.80', '+%5.14', '+%28.36', '+%14.98', '-%2.60', '+%7.07', '+%6.29', '-%1.32', '+%2.68', '+%3.24', '-%7.19', '-%9.54', '-%1.16', '+%9.65', '+%0.71', '+%3.03', '-%1.87', '-%0.70', '+%14.17', '-%2.22', '-%1.37', '-%8.91', '-%0.23', '+%10.03', '+%5.38', '-%7.07', '-%0.27', '-%0.96', '+%5.93', '-%2.53', '-%1.81', '-%0.27', '+%12.44', '+%7.85', '+%1.62', '+%3.78', '-%1.03', '-%2.94', '+%5.00', '+%2.55', '+%0.78', '-%1.13', '+%2.68', '+%0.45', '-%1.27', '-%0.86', '-%0.57', '+%1.70', '+%5.02', '+%1.23', '+%3.27', '-%3.17', '-%1.98', '-%8.76', '-%3.98', '-%2.45', '-%6.98', '-%2.37', '-%3.89', '+%7.02', '+%1.98', '+%3.30', '-%1.97', '-%4.88', '+%7.82', '+%3.83', '+%6.25', '+%1.58', '+%0.35', '-%1.76', '-%0.23', '+%5.50', '-%0.60', '-%2.14', '-%3.94', '+%1.03', '+%0.61', '-%0.48', '+%1.54', '-%2.84', '-%0.56', '-%4.97', '+%1.08', '-%7.32', '+%4.85', '+%1.89', '-%0.39', '+%6.68', '+%1.02', '+%4.72', '+%1.78', '+%8.18', '-%0.26', '-%2.21', '+%1.82', '+%0.95', '-%1.04', '-%2.12', '+%0.75', '+%4.55', '-%1.48', '+%1.69', '+%5.18', '+%5.71', '+%4.08', '+%0.06', '-%2.03', '-%6.73', '-%2.56', '+%2.94', '+%5.15', '+%7.11', '-%8.29', '-%3.01', '-%0.58', '+%7.86', '+%5.48', '+%2.99', '+%1.37', '+%0.00', '+%5.53', '+%1.03', '+%15.77', '+%2.18', '+%0.51', '+%1.66', '-%0.43', '+%10.23', '+%0.57', '+%5.72', '-%0.66']"
BTC,"['+%4.81', '+%5.64', '-%0.98', '-%2.68', '+%3.14', '+%0.59', '-%0.54', '-%0.59', '-%2.78', '-%3.26', '+%0.50', '-%0.05', '-%3.67', '+%0.38', '+%2.34', '+%4.31', '-%0.19', '+%1.40', '-%0.33', '+%6.76', '-%1.24', '-%5.86', '+%2.19', '-%0.32', '-%1.21', '+%0.80', '-%0.05', '+%0.85', '+%1.07', '-%0.20', '-%4.43', '-%0.59', '-%0.13', '+%0.20', '+%0.91', '-%0.37', '-%0.74', '-%0.64', '-%0.28', '+%0.26', '+%3.79', '-%0.56', '-%0.58', '-%3.52', '-%0.50', '-%1.08', '-%0.01', '+%0.49', '-%0.36', '+%1.07', '-%0.34', '-%1.54', '+%0.75', '-%0.47', '+%2.40', '+%0.07', '+%0.99', '-%0.32', '-%1.33', '-%0.16', '+%0.41', '-%0.04', '-%0.61', '-%0.08', '-%0.61', '-%0.36', '+%0.25', '+%0.35', '-%0.15', '+%2.29', '+%1.23', '+%1.29', '-%0.29', '+%1.00', '+%4.06', '+%12.40', '-%1.28', '+%0.85', '-%1.48', '+%2.43', '+%3.67', '+%1.95', '-%5.49', '-%0.54', '+%3.30', '+%1.00', '+%0.02', '-%0.86', '-%0.07', '+%2.30', '-%1.12', '-%2.75', '+%1.50', '+%0.58', '+%1.00', '-%0.39', '+%4.52', '-%0.62', '-%3.12', '-%1.12', '-%0.05', '-%1.68', '+%0.24', '+%0.97', '-%0.51', '-%1.95', '+%0.42', '-%0.33', '+%0.28', '+%1.15', '+%0.48', '+%2.44', '-%0.90', '-%4.23', '-%7.81', '-%0.64', '-%2.03', '+%0.49', '+%0.31', '-%0.91', '+%1.39', '-%0.78', '+%0.71', '+%0.88', '+%1.65', '+%1.71', '+%1.44', '-%0.43', '-%0.06', '+%1.21', '-%0.81', '-%0.83', '-%3.93', '-%0.29', '+%2.33', '-%0.28', '+%0.56', '-%0.12', '+%1.31', '-%0.82', '-%0.12', '+%0.70', '-%2.42', '-%0.62', '+%0.92', '+%0.93', '+%0.02', '-%1.14', '+%2.60', '+%1.39', '+%3.39', '-%0.45', '+%2.55', '-%1.41', '-%0.10', '+%0.50', '-%0.54', '-%1.19', '+%0.91', '+%2.68', '+%1.91', '+%9.87', '-%0.29', '-%1.27', '+%1.04', '+%1.36', '-%0.79', '+%4.09', '+%0.53', '-%1.55', '+%0.23', '+%2.95', '-%1.30', '-%0.50', '+%1.76', '+%1.33', '+%10.38', '+%1.33', '-%1.17', '-%0.71', '+%1.01', '-%2.17', '+%3.27', '+%2.29', '+%0.82', '-%0.91', '-%1.10', '+%4.45', '+%5.81', '+%3.41', '-%1.61', '+%3.53', '+%0.80', '-%1.11', '+%0.02', '+%3.51', '+%0.36', '-%3.08', '-%8.17', '+%2.37', '+%2.53', '+%8.19', '+%0.31', '-%2.97', '+%1.40', '-%0.34', '-%1.89', '+%1.25', '-%0.03', '-%0.60', '-%3.52', '-%0.46', '-%1.42', '+%3.57', '+%2.46', '-%0.39', '+%1.10', '+%10.10', '+%10.09', '-%1.84', '+%3.62', '+%0.57', '-%0.72', '-%1.03', '+%1.05', '-%1.28', '+%4.20', '+%8.09', '+%5.82', '-%3.20', '-%0.28', '+%5.87', '+%1.07', '+%1.24', '+%12.10', '+%4.61', '-%3.47', '+%2.57', '+%7.21', '+%9.17', '+%3.96', '-%1.36', '+%0.07', '-%8.26', '-%4.50', '+%3.25', '+%6.04', '-%1.00', '-%4.62', '-%2.93', '+%1.54', '+%1.17', '-%4.00', '-%2.22', '-%5.20', '-%1.11', '-%1.19', '+%5.41', '-%5.88', '-%1.12', '+%3.99', '+%14.02', '-%10.67', '-%1.53', '+%0.97', '+%3.72', '+%4.72', '+%2.75', '-%1.04', '+%6.90', '-%3.19', '+%17.33', '+%3.44', '-%1.82', '+%2.78', '+%0.55', '-%1.58', '+%3.05', '-%1.25', '+%3.12', '+%4.08', '-%0.14', '+%7.19', '+%2.13', '+%1.43', '-%1.40', '-%6.23', '-%5.38', '+%1.34', '-%7.53', '-%0.16', '-%3.68', '+%6.79', '+%0.82', '+%4.79', '-%1.61', '-%4.70', '-%0.57', '+%4.62', '+%1.85', '+%4.82', '+%4.48', '+%1.30', '-%0.13', '+%6.34', '-%0.12', '-%1.79', '-%6.42', '+%3.58', '+%1.87', '-%1.05', '+%0.77', '-%2.20', '-%0.32', '-%4.65', '+%2.45', '-%7.52', '+%3.54', '+%2.76', '-%0.08', '+%3.27', '+%1.69', '+%0.70', '-%0.59', '+%1.00', '-%0.49', '-%2.18', '+%1.27', '+%0.39', '-%1.43', '-%0.82', '+%1.26', '+%3.93', '-%0.86', '+%0.92', '+%4.00', '+%1.85', '-%1.62', '-%0.41', '-%1.64', '-%3.56', '-%4.87', '-%0.86', '-%0.53', '-%2.42', '-%6.42', '-%1.74', '-%1.28', '+%7.54', '+%2.02', '+%1.75', '-%2.25', '+%5.01', '+%0.89', '-%0.97', '+%1.78', '-%3.04', '+%1.25', '+%0.77', '+%0.52', '+%1.41', '-%0.41', '+%0.52', '-%4.67']"
EOS,"['+%3.57', '+%3.68', '+%0.49', '+%0.90', '-%0.60', '+%2.81', '-%3.00', '+%0.45', '-%2.45', '+%0.88', '-%0.57', '-%0.34', '-%2.55', '-%0.47', '+%1.62', '+%1.79', '+%1.83', '+%3.97', '-%0.18', '+%2.31', '+%2.12', '-%7.06', '+%1.59', '+%4.29', '-%0.81', '-%0.60', '-%0.25', '-%0.64', '-%0.68', '-%0.22', '-%5.91', '-%0.08', '-%0.42', '-%1.56', '-%0.08', '+%1.44', '-%1.13', '-%1.06', '+%0.39', '-%0.04', '+%2.03', '-%0.27', '-%0.04', '-%2.77', '-%0.72', '-%1.17', '-%2.39', '-%0.41', '-%1.13', '+%0.67', '-%0.67', '+%2.85', '+%1.59', '-%0.93', '+%6.76', '-%0.42', '+%2.89', '+%0.89', '-%2.90', '-%0.45', '+%0.64', '-%0.34', '-%2.80', '-%0.31', '+%0.19', '-%2.06', '-%0.04', '+%3.65', '+%0.19', '+%0.76', '+%1.37', '+%0.75', '-%1.24', '+%3.38', '+%2.04', '+%4.56', '+%5.01', '+%2.37', '-%1.55', '+%1.32', '+%5.79', '+%4.75', '-%11.66', '-%0.71', '+%0.00', '+%2.48', '+%2.17', '-%5.12', '-%0.16', '+%6.94', '+%0.00', '-%8.17', '+%3.31', '+%4.67', '+%16.87', '+%2.41', '-%0.77', '-%2.35', '-%5.37', '-%4.82', '+%4.74', '-%7.31', '+%0.18', '+%1.12', '-%0.94', '-%7.07', '-%0.57', '+%0.86', '+%0.91', '+%2.12', '+%0.70', '+%7.79', '-%1.57', '-%10.73', '+%2.03', '-%2.15', '-%4.23', '-%3.03', '-%2.62', '-%1.74', '+%1.07', '-%0.85', '+%0.32', '-%0.14', '-%2.21', '+%0.69', '-%1.09', '+%0.91', '-%0.87', '-%0.66', '-%1.15', '-%0.59', '-%3.98', '-%0.27', '+%3.53', '-%4.21', '+%1.76', '-%0.19', '+%1.19', '-%1.15', '-%0.04', '+%0.96', '-%2.82', '-%2.04', '+%1.20', '+%0.20', '+%17.13', '-%9.50', '-%2.26', '+%0.04', '+%2.37', '-%1.19', '-%0.11', '-%0.83', '-%0.41', '-%0.84', '-%0.73', '-%2.43', '+%0.24', '+%2.19', '-%1.01', '+%2.82', '+%1.77', '-%0.78', '-%0.45', '+%2.54', '+%0.29', '-%1.97', '+%1.85', '-%2.58', '-%1.17', '-%3.48', '-%0.63', '+%0.31', '-%4.34', '-%2.86', '+%4.84', '+%2.17', '+%3.18', '-%2.42', '-%0.16', '-%1.23', '+%0.51', '-%1.44', '+%5.47', '-%1.38', '-%2.32', '+%2.36', '+%5.68', '-%0.77', '-%1.30', '+%4.78', '+%15.06', '+%1.41', '+%2.94', '+%10.86', '+%3.24', '-%10.27', '-%16.25', '+%1.32', '+%0.85', '+%5.94', '+%1.64', '-%8.13', '+%1.62', '+%0.10', '-%4.18', '+%0.70', '-%0.86', '-%1.55', '-%2.60', '-%2.59', '-%2.40', '+%1.46', '+%4.05', '-%1.29', '+%1.36', '+%7.20', '+%4.37', '-%3.77', '-%0.29', '+%6.66', '-%1.71', '-%10.87', '-%1.37', '-%8.29', '+%2.01', '-%1.86', '+%6.39', '+%0.84', '-%3.70', '-%4.50', '-%0.38', '+%2.94', '-%0.37', '+%4.55', '+%9.69', '-%5.65', '+%17.04', '-%0.20', '-%6.11', '+%14.99', '+%4.78', '-%27.63', '-%10.86', '+%0.76', '+%2.26', '+%2.66', '-%1.73', '-%2.64', '+%0.93', '+%3.39', '-%3.72', '-%1.47', '-%3.88', '+%3.73', '-%0.18', '-%0.18', '-%3.59', '-%1.63', '+%6.31', '+%3.93', '+%6.54', '-%0.85', '+%6.77', '-%6.56', '+%2.14', '+%0.22', '+%7.27', '-%1.53', '+%8.05', '+%0.14', '+%19.83', '+%5.24', '+%3.02', '+%3.53', '+%14.91', '+%0.77', '-%6.88', '-%5.59', '-%1.66', '+%1.98', '+%7.72', '+%1.45', '-%1.58', '-%1.15', '-%12.43', '-%13.89', '-%1.10', '-%8.68', '+%1.91', '-%3.81', '+%1.68', '+%2.21', '+%5.72', '-%3.57', '-%4.56', '+%0.48', '+%1.94', '+%2.03', '+%6.63', '+%0.19', '-%3.56', '-%1.35', '+%9.79', '-%0.02', '-%8.73', '+%2.43', '-%0.93', '+%5.72', '-%1.34', '+%5.46', '-%1.90', '-%1.59', '-%1.92', '+%0.89', '-%13.83', '+%10.74', '+%0.29', '+%0.31', '+%2.42', '+%2.20', '+%11.20', '+%21.78', '+%6.35', '+%2.00', '-%2.84', '+%12.16', '+%0.27', '-%0.54', '-%8.95', '+%2.01', '+%2.41', '+%4.46', '-%2.83', '+%9.76', '+%7.06', '-%1.82', '+%10.23', '+%1.19', '-%11.41', '-%5.72', '-%9.43', '-%0.09', '-%0.45', '-%13.79', '-%7.08', '-%2.47', '+%7.95', '+%3.58', '+%1.93', '-%2.91', '+%6.80', '+%3.03', '+%0.65', '+%2.79', '+%2.83', '+%24.88', '+%45.25', '+%3.27', '-%18.29', '-%1.08', '-%0.73', '+%31.97']"
DOGE,"['-%0.24', '+%2.94', '-%1.04', '-%1.13', '+%0.04', '-%0.39', '+%0.78', '-%0.43', '+%1.17', '-%1.25', '+%0.39', '+%0.93', '-%1.33', '+%2.26', '+%0.91', '-%3.44', '-%0.99', '+%4.06', '-%0.34', '+%0.91', '+%0.38', '-%2.86', '+%3.13', '+%0.00', '-%2.46', '+%0.92', '-%0.04', '-%1.94', '+%1.16', '+%0.84', '-%0.50', '-%1.47', '-%2.50', '-%0.60', '+%1.36', '+%0.35', '-%1.15', '-%0.20', '+%0.04', '+%0.12', '-%0.04', '+%0.64', '-%0.88', '-%1.91', '-%0.04', '-%1.28', '-%0.25', '+%3.14', '-%4.74', '+%2.10', '-%2.14', '-%0.17', '-%0.42', '-%0.04', '+%11.05', '+%25.46', '+%80.13', '-%17.50', '-%16.31', '-%8.88', '-%3.90', '-%5.46', '-%8.06', '-%0.39', '-%8.73', '-%0.26', '+%19.22', '+%3.18', '-%8.61', '-%5.56', '-%0.30', '+%2.94', '-%0.47', '-%2.21', '+%0.42', '-%1.10', '-%1.39', '+%1.76', '-%1.07', '+%1.10', '+%15.58', '-%1.03', '-%8.08', '+%2.41', '+%0.64', '+%2.08', '+%0.54', '-%2.75', '-%0.42', '-%0.14', '-%0.08', '-%2.12', '+%0.31', '+%4.39', '-%0.25', '-%1.53', '+%4.67', '-%0.45', '-%5.07', '-%1.97', '+%2.74', '-%2.77', '+%0.00', '-%0.03', '+%0.00', '-%3.64', '-%1.47', '-%0.82', '+%1.21', '+%1.71', '-%0.71', '-%1.17', '-%0.63', '-%3.50', '-%9.14', '-%0.14', '-%4.50', '+%3.46', '-%3.28', '-%0.14', '+%3.42', '-%2.15', '+%2.18', '-%2.76', '+%0.53', '+%2.22', '+%0.10', '-%0.31', '+%1.55', '-%1.77', '-%0.87', '-%1.09', '-%4.23', '+%0.11', '+%3.01', '-%3.05', '+%1.91', '+%0.87', '+%0.00', '-%3.17', '-%0.44', '+%0.00', '-%0.75', '-%0.15', '+%0.67', '-%0.11', '-%0.26', '+%0.22', '-%0.15', '+%0.56', '+%2.15', '+%0.36', '-%1.80', '-%0.67', '-%0.22', '+%0.04', '+%0.15', '-%1.16', '+%0.79', '+%0.07', '+%0.22', '+%18.55', '-%18.55', '+%0.00', '-%0.45', '+%0.37', '+%7.42', '-%4.18', '-%0.43', '-%3.63', '-%1.56', '+%0.72', '-%1.19', '-%0.35', '-%0.42', '+%0.04', '+%3.93', '+%5.45', '+%0.04', '-%2.74', '+%0.18', '+%4.76', '-%1.29', '-%1.56', '+%2.48', '+%0.00', '-%3.17', '+%7.69', '-%0.23', '+%0.03', '+%4.04', '+%7.42', '+%6.67', '+%2.31', '-%0.08', '+%17.05', '-%0.28', '-%8.68', '-%15.09', '+%1.89', '+%2.69', '+%4.20', '-%3.89', '-%3.30', '+%0.34', '-%0.03', '-%0.29', '+%0.26', '-%1.98', '-%0.85', '-%4.68', '-%0.81', '-%1.13', '+%6.06', '-%1.56', '-%0.67', '-%0.21', '+%4.82', '+%24.07', '-%5.10', '+%5.78', '+%10.01', '+%14.49', '-%11.10', '-%2.82', '-%3.73', '+%1.42', '+%0.06', '+%2.96', '-%1.42', '-%2.85', '+%2.22', '+%1.57', '+%20.28', '+%145.25', '-%1.59', '-%20.42', '-%11.75', '+%7.48', '-%4.53', '-%3.02', '+%4.47', '+%1.40', '-%10.14', '-%8.08', '-%5.04', '+%15.05', '-%2.05', '-%2.86', '-%1.85', '-%0.71', '+%3.14', '-%4.95', '-%0.48', '-%3.63', '+%0.46', '+%0.90', '-%0.09', '-%4.92', '-%2.45', '+%349.72', '+%129.08', '-%67.96', '-%4.32', '-%11.00', '-%24.31', '+%13.24', '+%49.39', '-%9.33', '+%7.88', '+%48.98', '-%2.68', '-%1.92', '-%2.99', '-%8.36', '-%2.68', '-%1.70', '-%8.14', '-%3.81', '-%7.07', '-%8.39', '+%18.03', '-%9.13', '+%1.59', '-%1.42', '+%1.64', '-%12.87', '+%12.31', '-%4.13', '-%10.29', '-%1.27', '-%3.63', '+%4.58', '+%0.11', '-%0.63', '-%1.87', '-%0.55', '+%3.16', '-%0.38', '+%20.78', '-%0.14', '-%7.49', '-%3.20', '+%0.09', '+%10.26', '+%1.03', '-%6.22', '-%1.15', '-%0.25', '+%0.56', '+%0.96', '+%1.39', '-%1.88', '-%2.73', '-%3.30', '+%1.05', '-%8.06', '+%3.07', '+%2.50', '-%1.04', '-%0.22', '+%1.59', '-%1.94', '+%29.14', '-%11.98', '-%5.75', '-%2.29', '+%4.21', '+%7.44', '+%3.47', '-%8.29', '+%3.25', '+%1.29', '+%22.80', '-%6.09', '+%27.41', '+%51.07', '+%33.24', '+%137.68', '-%20.72', '-%7.46', '+%22.77', '-%2.67', '-%21.85', '-%12.39', '-%14.86', '+%7.80', '-%0.24', '-%3.06', '-%0.36', '+%23.20', '-%6.13', '+%4.71', '+%16.85', '+%0.65', '+%11.80', '+%36.34', '+%13.92', '-%4.34', '+%10.02', '+%1.01', '-%5.46', '-%22.83', '-%4.62']"
XRP,"['+%2.15', '+%1.03', '-%0.78', '-%1.39', '+%1.34', '+%1.66', '-%0.68', '-%0.24', '-%1.53', '-%0.30', '-%0.10', '-%0.50', '-%2.03', '-%0.15', '+%1.57', '+%0.45', '+%0.95', '+%2.32', '+%2.84', '-%0.38', '+%0.85', '-%4.79', '+%1.17', '-%0.73', '-%0.44', '+%0.10', '-%0.24', '+%0.39', '-%0.64', '-%0.10', '-%4.46', '-%0.62', '-%0.68', '+%0.57', '+%0.26', '+%2.22', '-%2.74', '-%1.63', '-%0.64', '-%0.21', '+%1.11', '+%0.00', '-%0.21', '-%3.37', '+%1.52', '-%1.85', '-%1.95', '-%0.33', '-%0.79', '+%0.28', '-%0.56', '+%0.73', '+%0.62', '-%0.50', '+%5.82', '+%0.21', '+%9.07', '+%2.27', '-%4.34', '+%0.99', '-%0.39', '+%1.23', '-%3.30', '+%0.00', '-%1.22', '+%0.20', '+%2.17', '-%0.05', '-%0.90', '+%0.40', '+%1.89', '+%2.69', '-%0.77', '+%4.36', '+%3.44', '+%1.86', '+%2.35', '+%6.51', '-%0.20', '+%4.41', '+%14.31', '+%9.46', '-%2.00', '-%0.22', '-%3.50', '+%0.94', '-%0.32', '-%3.78', '-%0.10', '+%0.64', '+%2.30', '-%6.96', '+%2.96', '+%3.95', '-%0.72', '-%0.23', '+%7.45', '-%1.74', '-%5.13', '-%3.87', '+%0.41', '-%3.21', '+%0.45', '+%1.39', '-%0.83', '-%3.10', '-%0.86', '-%1.87', '+%1.35', '+%2.45', '+%0.21', '+%5.10', '+%1.64', '-%9.83', '-%4.14', '-%2.39', '-%5.44', '-%1.32', '+%0.33', '-%0.29', '+%2.39', '-%1.72', '+%1.68', '+%1.89', '-%1.73', '+%0.04', '+%0.76', '+%2.87', '-%1.21', '-%0.16', '-%1.43', '-%1.29', '-%5.76', '+%0.30', '-%0.60', '+%4.75', '+%0.24', '-%0.29', '+%1.47', '-%0.73', '-%1.57', '+%0.70', '-%2.17', '-%1.83', '+%6.43', '+%1.68', '+%1.97', '-%3.18', '+%0.88', '+%1.26', '+%1.32', '-%0.66', '+%0.00', '+%0.62', '-%0.58', '-%3.28', '-%0.93', '-%1.97', '+%0.21', '+%2.42', '+%0.28', '+%2.20', '+%3.17', '-%1.70', '-%0.62', '-%0.19', '+%0.70', '-%2.01', '+%1.02', '-%3.84', '-%1.23', '-%0.16', '-%0.99', '+%1.41', '-%0.58', '-%1.16', '+%2.87', '+%5.70', '+%2.26', '-%4.05', '-%0.35', '+%3.16', '-%1.61', '-%0.70', '+%2.98', '+%4.36', '-%0.18', '+%4.62', '+%5.31', '+%0.98', '-%0.46', '+%7.92', '+%41.73', '+%5.69', '+%27.76', '+%33.05', '-%16.75', '-%10.83', '-%10.85', '+%10.46', '-%1.93', '+%6.69', '+%0.13', '-%6.84', '+%0.88', '-%1.26', '-%6.41', '+%5.45', '-%0.79', '-%2.19', '-%0.94', '-%2.80', '+%0.71', '-%5.52', '-%6.38', '-%1.77', '-%2.27', '+%13.43', '+%14.50', '-%7.35', '-%1.57', '-%2.98', '-%3.04', '-%9.08', '-%16.52', '-%17.47', '+%0.68', '-%17.54', '-%5.32', '-%0.36', '-%24.55', '-%5.08', '-%3.10', '+%9.48', '-%5.03', '-%0.25', '+%10.16', '-%8.16', '+%14.89', '+%32.88', '-%6.96', '-%1.67', '+%7.93', '-%16.27', '-%2.00', '+%0.06', '-%0.36', '-%2.01', '-%2.09', '-%3.85', '+%1.09', '+%14.06', '-%5.61', '-%1.20', '-%10.67', '+%1.98', '-%2.12', '+%2.59', '-%5.20', '-%0.82', '+%0.63', '+%17.00', '+%62.73', '-%1.12', '+%48.32', '-%83.65', '+%1.85', '+%14.82', '-%2.01', '-%3.26', '-%1.22', '+%4.01', '+%4.56', '+%10.37', '-%1.16', '+%15.78', '+%3.71', '-%0.42', '-%6.01', '-%4.14', '-%4.11', '+%0.48', '+%3.68', '+%0.34', '-%4.34', '+%16.18', '-%13.65', '-%14.28', '-%3.52', '-%7.04', '+%1.75', '-%4.54', '+%3.63', '+%0.22', '+%2.70', '+%5.64', '-%2.04', '-%2.91', '-%0.36', '+%4.37', '-%0.43', '+%0.23', '-%5.21', '+%0.06', '+%0.41', '-%1.08', '-%3.04', '+%15.94', '-%7.76', '+%1.58', '-%3.05', '+%15.75', '-%0.73', '+%9.93', '-%0.57', '-%6.03', '-%7.20', '+%9.72', '-%0.28', '-%2.52', '+%1.75', '+%2.86', '-%1.84', '+%3.23', '+%2.47', '+%5.37', '-%0.99', '+%47.63', '+%18.99', '-%0.81', '-%3.36', '+%1.12', '+%28.90', '+%7.02', '-%1.49', '+%28.19', '+%4.13', '-%4.30', '-%4.09', '-%3.90', '-%11.45', '-%2.02', '-%5.87', '+%1.17', '-%3.24', '-%18.56', '-%2.05', '-%1.30', '+%18.67', '+%6.55', '-%1.04', '-%2.04', '+%15.50', '+%1.59', '-%0.48', '-%2.16', '-%4.11', '+%4.24', '+%8.50', '-%4.20', '-%3.93', '-%1.94', '+%1.94', '-%9.27']"
LTC,"['+%3.98', '+%1.90', '-%3.08', '-%1.45', '+%2.28', '+%5.19', '-%2.18', '+%0.76', '-%3.48', '+%0.13', '+%0.16', '-%5.80', '+%3.43', '-%2.22', '+%3.60', '+%3.16', '-%1.94', '+%7.74', '-%3.07', '+%7.32', '-%7.11', '+%2.00', '+%1.61', '-%3.62', '+%0.43', '+%0.13', '-%0.45', '-%0.64', '+%0.88', '-%0.38', '-%3.62', '-%0.18', '-%1.78', '+%0.07', '-%0.43', '+%1.11', '-%2.03', '-%1.36', '+%0.95', '-%0.69', '+%3.94', '-%1.69', '-%3.31', '-%0.12', '+%0.96', '-%2.03', '-%1.60', '+%0.79', '-%0.84', '+%0.50', '-%1.82', '+%0.51', '+%1.93', '-%0.69', '+%5.41', '-%0.66', '+%4.90', '-%2.42', '+%0.16', '-%0.67', '+%1.27', '-%0.11', '-%2.75', '-%0.89', '-%1.44', '-%1.63', '+%1.09', '+%0.05', '-%0.54', '+%3.92', '+%2.06', '+%1.95', '-%2.77', '+%10.62', '+%4.26', '+%8.28', '+%2.48', '-%0.21', '+%2.99', '+%0.97', '+%5.12', '-%4.01', '-%2.33', '-%0.41', '+%4.12', '-%1.18', '+%1.26', '-%4.20', '+%0.22', '+%0.99', '+%0.71', '-%8.41', '+%4.47', '+%0.70', '+%5.11', '+%6.06', '+%6.82', '-%0.75', '-%1.98', '-%5.44', '+%0.27', '-%5.50', '+%1.80', '+%2.29', '-%1.17', '-%5.38', '-%1.86', '+%0.66', '-%0.81', '+%8.65', '+%0.57', '+%0.87', '-%5.38', '-%3.29', '-%12.03', '-%2.05', '-%4.59', '+%1.04', '-%2.57', '+%0.12', '+%1.82', '+%0.63', '+%3.19', '-%1.57', '-%1.19', '+%0.86', '-%2.28', '+%0.61', '-%0.84', '+%0.47', '-%2.22', '-%6.46', '-%1.14', '-%1.75', '+%4.28', '+%1.83', '-%0.28', '+%0.11', '-%1.02', '+%0.43', '+%0.69', '+%1.65', '-%1.70', '-%1.57', '+%2.35', '+%0.81', '+%0.53', '-%1.41', '+%1.83', '+%0.52', '+%3.79', '+%2.41', '+%0.98', '-%2.71', '+%1.20', '-%0.14', '-%3.55', '-%2.45', '+%0.38', '+%1.25', '+%0.97', '+%12.25', '+%3.78', '-%0.90', '+%5.63', '+%0.48', '-%1.54', '+%2.33', '-%3.55', '-%2.16', '-%2.30', '+%0.21', '-%0.39', '-%0.25', '+%0.65', '-%1.48', '+%7.94', '+%6.69', '+%1.62', '-%4.35', '-%0.49', '-%3.49', '+%1.63', '+%0.33', '+%10.30', '-%2.76', '-%2.08', '+%16.68', '+%7.13', '-%3.59', '+%8.22', '+%2.62', '+%3.25', '-%0.56', '+%3.34', '+%3.39', '-%3.65', '-%8.95', '-%13.16', '+%1.96', '+%7.56', '+%9.62', '+%5.10', '-%2.52', '+%0.70', '-%1.56', '-%6.61', '+%1.03', '+%1.95', '-%2.42', '-%8.46', '-%2.41', '-%1.72', '+%3.32', '+%8.76', '-%1.62', '+%2.30', '+%9.79', '+%17.79', '+%2.74', '+%10.21', '-%0.93', '-%3.75', '-%3.61', '+%2.31', '-%4.40', '+%14.46', '+%5.01', '+%3.18', '-%1.63', '-%4.85', '+%1.71', '-%1.96', '+%2.88', '+%5.71', '+%16.18', '+%5.56', '-%6.51', '+%4.08', '+%6.69', '+%0.19', '-%1.25', '+%3.82', '-%9.08', '-%16.19', '+%1.08', '+%5.65', '-%0.97', '-%1.78', '-%3.84', '+%5.29', '+%7.39', '-%8.92', '-%1.54', '-%5.89', '-%1.37', '+%1.36', '+%4.03', '-%5.97', '-%3.15', '+%0.84', '+%7.09', '-%7.42', '-%3.59', '+%4.23', '+%6.85', '+%7.43', '+%1.36', '-%1.25', '+%4.56', '-%4.25', '+%7.60', '+%8.81', '+%5.90', '-%0.87', '+%3.35', '+%14.62', '+%2.48', '-%6.78', '+%0.86', '+%7.07', '+%0.61', '+%1.22', '+%2.06', '-%5.65', '-%2.68', '-%9.07', '-%10.07', '+%8.22', '-%12.37', '-%1.21', '-%4.25', '+%2.07', '+%4.94', '+%6.06', '-%1.14', '-%5.91', '+%0.63', '+%4.02', '+%1.61', '+%5.07', '+%1.41', '-%2.24', '+%10.21', '+%2.56', '-%0.89', '-%2.50', '-%8.39', '+%0.80', '+%0.67', '-%1.61', '+%0.56', '-%2.07', '-%1.45', '-%5.04', '+%3.99', '-%10.58', '+%3.22', '+%1.24', '-%0.39', '+%6.53', '+%1.30', '-%0.56', '+%2.98', '+%4.22', '+%1.97', '-%6.38', '+%9.95', '+%8.57', '-%0.64', '-%6.46', '+%0.35', '+%12.02', '+%2.62', '-%1.69', '+%5.60', '+%3.59', '+%2.88', '+%9.30', '+%5.41', '-%9.97', '-%7.83', '-%2.98', '+%0.79', '+%4.64', '-%12.76', '-%6.27', '-%2.54', '+%5.38', '+%6.11', '+%1.24', '-%1.53', '+%4.12', '+%1.72', '-%0.34', '+%7.99', '+%9.33', '+%9.85', '+%1.42', '+%2.07', '-%4.40', '+%9.12', '+%6.22', '-%8.92']"
BCH,"['+%1.20', '+%2.25', '-%6.74', '+%1.01', '+%2.33', '+%2.73', '+%0.12', '-%4.27', '-%4.81', '+%2.27', '+%0.52', '-%5.53', '+%4.52', '-%2.23', '+%3.63', '+%2.02', '-%1.01', '+%5.58', '-%2.56', '+%5.65', '-%3.30', '+%1.11', '+%3.13', '-%2.44', '+%0.55', '-%0.28', '-%0.24', '-%0.30', '+%1.96', '-%1.37', '-%6.45', '-%0.12', '-%1.91', '+%1.22', '-%0.68', '+%1.08', '-%1.08', '-%1.97', '+%0.65', '-%1.84', '+%6.01', '-%1.10', '-%2.95', '-%0.76', '-%1.03', '-%1.96', '-%1.37', '+%0.90', '-%0.68', '+%1.33', '-%2.78', '+%0.45', '+%1.66', '-%0.87', '+%8.39', '-%0.78', '+%2.94', '-%3.11', '+%0.73', '-%1.92', '+%0.50', '-%1.27', '-%1.59', '-%1.61', '-%1.27', '-%0.35', '+%0.55', '+%0.99', '-%0.64', '+%2.08', '+%3.55', '+%1.18', '-%2.14', '+%6.23', '+%3.15', '+%8.74', '+%3.71', '+%0.61', '+%1.03', '+%1.88', '+%5.87', '-%3.43', '-%4.01', '-%0.48', '+%2.46', '+%3.55', '+%1.00', '-%3.46', '-%0.46', '+%0.07', '-%5.28', '-%0.55', '+%2.60', '-%0.30', '+%3.37', '+%2.23', '+%4.70', '-%4.80', '-%3.84', '-%2.07', '+%3.12', '-%6.21', '+%0.24', '+%2.29', '-%4.90', '-%0.52', '-%2.04', '-%0.60', '-%0.39', '+%3.14', '+%0.21', '+%5.11', '-%4.73', '-%18.86', '+%0.36', '-%3.40', '+%1.31', '-%0.14', '-%2.75', '+%0.22', '+%1.14', '-%0.17', '+%0.62', '-%0.12', '+%0.89', '+%3.99', '-%0.93', '-%0.75', '+%0.26', '+%0.82', '-%3.49', '-%6.70', '+%1.32', '-%2.90', '+%3.58', '-%1.79', '+%2.94', '+%3.66', '-%0.86', '+%0.76', '-%0.67', '-%0.95', '-%0.53', '-%2.72', '+%0.93', '+%0.49', '+%1.21', '-%0.91', '+%5.27', '+%2.07', '+%1.03', '-%0.51', '+%0.26', '+%5.13', '+%1.58', '+%2.90', '-%2.36', '-%3.58', '-%0.55', '+%1.51', '-%0.47', '+%6.36', '+%2.10', '-%0.03', '+%1.89', '-%2.23', '-%0.50', '+%0.22', '+%2.26', '-%1.73', '-%1.27', '-%1.21', '+%0.26', '-%0.84', '+%0.18', '-%7.57', '+%8.80', '-%4.39', '+%1.87', '+%6.32', '-%3.98', '-%1.70', '+%0.61', '+%1.31', '-%2.88', '-%0.47', '-%0.88', '-%0.10', '+%3.56', '-%3.86', '-%2.97', '+%6.69', '+%13.58', '+%0.72', '+%6.18', '+%17.33', '-%7.65', '-%21.62', '-%6.06', '+%4.89', '+%0.19', '+%12.88', '-%6.69', '-%1.81', '+%0.12', '-%1.95', '-%1.68', '+%1.49', '-%1.90', '-%6.31', '+%0.08', '-%1.02', '-%2.16', '+%4.40', '+%1.81', '-%0.14', '+%7.13', '+%6.54', '+%6.45', '-%5.37', '+%3.21', '+%10.59', '-%0.97', '-%10.65', '-%4.25', '-%5.74', '+%9.69', '+%6.14', '+%0.92', '+%7.63', '-%1.89', '+%3.09', '-%6.13', '-%0.77', '+%6.60', '+%14.07', '+%7.38', '-%3.71', '+%7.28', '+%2.15', '-%6.07', '+%26.28', '+%5.03', '-%8.91', '-%18.23', '+%13.58', '-%2.74', '-%5.96', '-%1.08', '-%0.74', '+%4.50', '+%2.32', '-%2.05', '-%17.63', '+%3.86', '-%4.48', '+%1.74', '+%1.65', '-%1.59', '-%9.54', '+%2.91', '+%3.30', '-%1.35', '-%4.13', '+%7.20', '+%1.69', '+%4.62', '-%4.60', '+%2.21', '+%8.20', '-%6.20', '+%16.96', '-%4.05', '-%0.54', '+%6.84', '+%5.36', '+%15.11', '+%12.41', '+%2.84', '-%3.92', '-%2.31', '+%0.32', '+%1.77', '+%0.73', '-%1.47', '-%3.74', '-%12.21', '-%12.32', '-%1.09', '-%9.74', '-%1.33', '-%3.30', '+%4.35', '+%8.46', '+%1.12', '-%3.20', '-%6.30', '-%0.30', '+%4.52', '+%0.34', '+%3.30', '+%3.81', '+%4.70', '-%5.86', '+%9.64', '-%6.55', '-%1.84', '-%2.05', '+%0.49', '-%5.28', '+%3.68', '-%1.50', '-%1.58', '-%4.22', '+%3.80', '-%7.00', '-%3.03', '+%6.74', '-%0.08', '-%2.22', '+%5.22', '+%0.83', '+%1.94', '+%2.50', '+%6.23', '-%3.46', '-%1.31', '+%14.40', '+%2.57', '+%1.51', '-%3.46', '-%0.41', '+%5.01', '+%4.82', '-%3.62', '+%9.16', '+%12.38', '+%3.87', '+%33.78', '-%0.11', '-%15.40', '-%0.18', '-%4.25', '+%2.68', '-%2.89', '-%11.19', '-%3.86', '-%4.25', '+%5.43', '+%4.97', '+%4.19', '-%1.63', '+%9.29', '+%3.09', '-%1.97', '+%3.72', '+%0.57', '+%40.54', '+%8.36', '-%6.33', '-%2.15', '-%3.31', '+%9.80', '-%1.36']"
BNB,"['+%4.92', '-%0.30', '-%5.39', '+%19.25', '-%13.76', '+%1.97', '+%1.29', '-%1.65', '+%11.48', '-%11.54', '+%9.25', '-%15.43', '+%2.05', '-%0.61', '+%12.33', '-%3.62', '-%3.09', '+%10.27', '-%8.56', '+%5.46', '-%5.94', '+%3.98', '-%1.87', '+%0.11', '+%0.85', '+%0.00', '-%0.62', '-%1.60', '+%1.60', '-%8.03', '+%2.80', '-%0.06', '-%1.93', '+%0.30', '+%1.81', '-%1.93', '-%1.34', '+%34.51', '-%36.86', '+%0.50', '+%5.94', '-%4.20', '-%1.42', '-%1.19', '-%1.14', '-%1.80', '-%0.84', '+%1.56', '-%1.36', '+%3.04', '-%1.40', '-%2.08', '+%1.17', '-%0.39', '+%5.42', '+%2.94', '+%4.58', '-%2.44', '+%1.40', '+%1.38', '+%5.78', '+%0.80', '-%0.16', '-%4.39', '-%2.45', '-%0.11', '-%1.50', '+%6.47', '-%0.82', '-%0.61', '+%0.17', '+%3.24', '+%3.73', '+%3.64', '+%2.23', '+%6.10', '-%6.57', '+%0.83', '-%2.88', '+%5.96', '+%2.20', '-%3.96', '+%7.39', '-%0.67', '+%9.07', '-%4.41', '-%3.22', '+%1.55', '-%0.66', '+%0.22', '-%5.05', '+%1.61', '-%0.68', '+%6.55', '+%1.45', '+%0.63', '+%1.80', '-%4.95', '-%1.80', '+%2.76', '-%3.40', '-%1.25', '-%0.58', '+%2.79', '-%4.48', '+%3.20', '+%2.66', '+%2.98', '-%2.05', '+%2.39', '-%0.55', '+%6.34', '-%1.20', '-%10.02', '-%4.50', '-%4.96', '+%13.30', '+%0.98', '-%1.45', '+%4.83', '+%4.00', '+%1.10', '+%10.74', '+%11.17', '+%6.39', '-%6.76', '-%10.51', '+%0.14', '-%0.42', '-%0.67', '-%4.38', '-%7.01', '-%3.17', '-%3.71', '+%4.80', '+%0.64', '+%5.75', '+%1.74', '+%1.30', '+%6.67', '+%1.86', '-%2.49', '-%2.81', '+%1.03', '+%3.10', '+%0.96', '-%3.25', '-%2.54', '+%1.61', '+%0.81', '+%2.90', '-%2.58', '+%9.27', '+%0.70', '-%0.86', '+%2.01', '-%1.75', '-%2.58', '+%2.16', '+%0.19', '-%2.29', '+%2.48', '+%0.76', '-%1.84', '+%0.58', '-%0.64', '+%1.26', '+%5.15', '-%6.99', '-%0.10', '-%1.31', '-%4.03', '-%1.91', '+%1.46', '-%1.29', '-%4.73', '+%10.26', '-%2.68', '-%3.25', '+%1.99', '-%2.10', '-%0.71', '+%2.72', '+%0.45', '-%1.99', '-%1.70', '+%0.21', '+%3.15', '+%4.56', '-%5.54', '-%1.58', '+%5.03', '+%2.61', '+%0.16', '+%1.01', '+%17.03', '-%5.01', '-%18.89', '-%1.01', '+%5.18', '+%0.73', '+%7.55', '-%6.43', '+%1.49', '-%0.97', '-%3.27', '+%0.50', '+%0.86', '-%2.60', '-%5.18', '+%1.53', '-%2.00', '-%1.78', '+%4.39', '+%1.53', '+%3.73', '+%0.73', '+%6.33', '+%2.74', '-%6.28', '+%10.53', '+%2.34', '-%4.02', '+%0.65', '-%1.60', '-%2.77', '+%4.90', '+%5.57', '-%7.22', '+%7.31', '+%12.90', '+%0.39', '-%7.70', '+%2.14', '+%5.95', '+%0.75', '+%5.31', '+%0.48', '+%2.67', '+%3.83', '-%4.13', '-%2.56', '-%1.10', '-%5.23', '-%6.77', '+%10.52', '-%0.09', '-%1.88', '+%2.37', '+%8.21', '+%2.66', '-%4.63', '-%5.36', '-%9.72', '+%7.12', '-%3.54', '+%2.90', '+%0.45', '+%1.11', '-%3.88', '+%10.67', '-%0.66', '+%0.79', '-%1.56', '+%16.01', '+%5.04', '-%0.33', '+%3.11', '+%23.58', '+%7.13', '-%0.97', '+%20.35', '+%29.31', '+%24.22', '-%2.02', '+%0.51', '-%1.94', '+%0.42', '-%1.06', '-%1.14', '+%30.17', '+%12.66', '+%83.15', '-%8.80', '-%7.47', '-%11.86', '-%14.49', '+%12.42', '-%10.71', '-%6.73', '-%1.12', '-%2.74', '+%20.21', '-%4.55', '-%0.65', '-%6.43', '-%2.71', '-%0.33', '+%5.73', '+%1.26', '+%20.97', '+%0.16', '+%6.00', '-%9.20', '-%0.21', '-%9.10', '-%4.47', '+%3.15', '+%3.58', '+%0.17', '-%2.23', '+%0.66', '+%0.07', '-%2.80', '-%0.48', '-%4.84', '-%2.05', '+%6.97', '+%4.85', '+%1.71', '+%1.82', '+%9.95', '+%1.32', '+%7.04', '+%5.82', '-%6.39', '+%5.23', '+%8.49', '+%7.32', '-%3.59', '+%6.62', '+%6.96', '+%9.62', '+%6.74', '+%18.61', '+%1.25', '-%9.89', '-%3.53', '-%2.40', '-%3.51', '-%6.82', '+%6.11', '+%13.41', '+%3.14', '-%5.23', '-%9.45', '-%0.71', '-%3.75', '+%7.98', '+%5.33', '-%1.03', '+%5.48', '+%9.03', '-%3.29', '-%1.88', '+%8.76', '-%7.87', '+%7.37', '-%5.92', '+%0.58', '+%2.55', '+%3.84', '-%4.70', '+%3.22']"
ETC,"['+%4.10', '-%0.59', '+%2.50', '+%5.25', '+%0.01', '+%0.30', '-%2.88', '-%2.84', '-%6.55', '+%8.37', '-%1.00', '-%0.47', '+%5.23', '-%2.93', '+%3.88', '+%3.28', '+%0.68', '+%10.03', '-%11.18', '+%4.06', '-%6.06', '+%1.97', '-%2.67', '-%2.10', '+%1.01', '+%0.78', '+%0.36', '-%1.40', '+%0.42', '-%9.06', '+%2.58', '-%0.42', '-%2.80', '+%0.46', '+%0.63', '-%0.02', '-%2.49', '+%2.58', '-%0.82', '-%1.60', '+%6.23', '-%3.27', '-%2.59', '-%0.76', '-%2.02', '-%4.59', '-%0.52', '+%2.35', '-%2.38', '+%1.62', '-%3.32', '-%0.42', '+%2.06', '-%1.60', '+%8.62', '+%1.86', '+%5.36', '+%1.14', '-%1.36', '-%1.66', '+%1.72', '-%3.24', '-%1.47', '-%0.62', '-%2.79', '-%0.44', '+%0.31', '+%1.64', '-%1.39', '+%2.84', '+%7.62', '-%1.38', '-%1.95', '+%5.79', '-%0.09', '+%5.23', '+%0.30', '+%3.55', '+%1.09', '+%0.27', '+%9.64', '-%9.50', '-%2.26', '-%3.97', '+%2.42', '-%3.27', '-%1.56', '+%1.98', '-%0.92', '-%0.46', '-%3.25', '+%0.28', '+%7.47', '-%3.62', '+%0.71', '+%2.02', '+%3.04', '+%0.66', '-%6.88', '-%1.19', '-%5.63', '+%3.07', '-%1.18', '+%4.01', '-%6.20', '-%1.46', '+%1.72', '+%10.55', '-%11.67', '+%5.64', '-%1.90', '+%4.96', '-%11.87', '-%10.83', '-%3.55', '-%6.74', '+%5.01', '-%4.25', '-%3.62', '+%10.09', '+%5.76', '-%1.71', '+%3.93', '-%13.66', '+%13.68', '+%3.03', '+%0.72', '-%8.20', '+%7.84', '-%13.33', '-%3.92', '+%35.76', '-%18.72', '-%2.38', '-%1.22', '-%12.17', '+%4.19', '+%8.45', '-%1.28', '-%5.72', '-%1.54', '+%6.67', '-%10.48', '-%1.19', '+%16.95', '-%16.48', '+%12.59', '-%11.46', '+%9.49', '+%3.82', '-%10.68', '+%0.89', '+%8.17', '-%7.74', '-%0.40', '+%4.81', '-%1.94', '-%2.55', '+%2.48', '-%1.39', '-%0.33', '+%2.05', '+%5.18', '+%1.18', '-%1.15', '-%2.45', '-%3.28', '+%0.82', '-%4.30', '+%2.62', '-%1.78', '-%3.50', '+%1.76', '-%6.02', '-%0.76', '-%0.72', '+%2.36', '+%9.20', '-%6.26', '+%1.83', '-%4.27', '+%1.87', '+%1.30', '-%0.86', '-%0.56', '-%0.56', '-%1.63', '+%7.44', '+%8.68', '+%25.26', '-%11.15', '-%2.47', '+%2.29', '+%0.18', '-%1.80', '+%11.73', '+%6.98', '-%10.72', '-%10.43', '+%5.55', '-%0.38', '+%0.40', '+%2.99', '-%9.81', '+%4.10', '-%0.97', '-%1.12', '-%3.22', '-%2.10', '-%5.69', '+%6.53', '-%4.18', '-%1.75', '+%4.34', '+%2.40', '-%2.67', '+%0.28', '+%5.53', '+%5.45', '-%2.52', '-%1.20', '+%3.75', '+%3.14', '-%13.70', '-%0.13', '-%9.32', '+%3.84', '+%0.34', '+%3.67', '+%1.38', '-%2.94', '-%1.95', '-%3.09', '-%0.05', '+%4.26', '+%12.09', '+%14.27', '-%3.24', '+%5.24', '-%0.04', '-%5.80', '+%10.21', '+%73.26', '-%16.12', '-%17.25', '-%5.55', '-%0.60', '-%4.07', '-%0.16', '-%1.22', '-%3.04', '+%5.31', '-%4.89', '-%2.63', '-%5.76', '-%4.92', '+%0.11', '+%1.29', '-%5.24', '-%1.97', '+%13.21', '-%4.28', '-%3.18', '-%1.67', '-%0.76', '+%3.56', '+%1.57', '+%0.99', '+%10.50', '+%2.29', '-%3.24', '-%1.49', '+%15.90', '+%14.57', '+%1.12', '+%5.18', '+%53.63', '-%6.55', '-%7.40', '-%6.47', '+%0.96', '+%0.06', '+%0.76', '+%10.57', '-%7.40', '-%4.01', '-%12.44', '-%11.03', '-%3.19', '-%7.67', '+%1.59', '-%3.41', '+%4.31', '+%0.00', '+%1.12', '-%0.43', '-%4.84', '+%0.99', '+%4.53', '+%1.61', '+%5.85', '+%0.87', '-%1.83', '-%0.24', '+%14.70', '-%1.84', '-%7.72', '-%4.22', '+%0.16', '+%0.56', '-%1.85', '+%3.86', '-%3.61', '-%0.40', '+%2.02', '-%0.40', '-%9.95', '+%2.88', '+%1.70', '+%0.50', '+%5.81', '+%2.35', '+%10.04', '+%0.77', '+%7.88', '-%1.76', '-%5.21', '+%10.22', '+%15.81', '+%11.55', '-%4.74', '+%1.16', '+%5.59', '+%1.61', '-%4.62', '+%7.25', '+%2.63', '+%32.52', '+%47.75', '+%11.35', '-%18.43', '-%3.07', '-%14.44', '+%0.40', '+%11.31', '-%14.47', '-%5.03', '-%2.85', '+%3.26', '+%4.19', '+%6.06', '-%3.06', '+%6.00', '+%24.29', '+%0.09', '+%12.85', '+%37.80', '+%96.08', '+%21.91', '-%19.46', '-%6.50', '-%4.86', '+%0.14', '-%10.47']"
ADA,"['+%2.62', '-%0.52', '-%0.39', '-%0.19', '+%0.85', '+%5.19', '+%4.00', '+%0.56', '+%0.09', '-%1.20', '-%0.60', '-%0.62', '-%3.33', '-%0.48', '+%3.36', '+%20.87', '-%1.46', '+%17.22', '+%10.68', '-%3.68', '-%1.18', '+%4.05', '+%5.38', '-%1.13', '-%2.55', '+%1.64', '-%1.57', '-%0.41', '-%3.47', '+%1.35', '-%5.57', '-%1.07', '-%0.63', '+%0.85', '-%0.26', '+%5.70', '+%0.05', '-%2.64', '-%2.38', '+%0.86', '+%3.93', '+%0.43', '+%3.12', '-%4.53', '-%1.82', '-%0.94', '+%0.06', '+%4.01', '+%0.72', '+%15.21', '+%0.26', '+%3.92', '-%0.79', '-%0.90', '+%6.29', '+%11.74', '+%16.13', '-%6.14', '-%4.83', '+%2.42', '+%1.02', '+%5.53', '-%0.74', '-%1.51', '+%0.30', '-%5.14', '-%1.36', '+%0.00', '-%0.32', '+%0.16', '+%0.08', '+%1.52', '-%1.77', '+%18.65', '+%4.88', '-%3.27', '+%1.07', '-%0.93', '-%4.97', '-%1.06', '+%4.38', '+%0.54', '-%3.34', '+%3.20', '-%1.99', '+%0.34', '+%1.17', '+%0.41', '+%2.97', '-%4.16', '-%1.38', '-%4.71', '+%2.97', '-%0.35', '+%0.42', '-%1.79', '+%3.65', '-%0.63', '-%4.12', '-%2.67', '-%0.15', '-%6.50', '-%0.24', '+%0.87', '-%2.58', '-%4.65', '-%2.25', '-%3.77', '+%5.92', '+%0.68', '+%6.64', '+%1.10', '-%1.26', '-%8.39', '-%12.31', '-%0.19', '-%8.63', '-%1.45', '+%2.79', '-%0.73', '+%3.52', '-%2.04', '+%0.99', '+%1.28', '-%2.12', '+%0.08', '-%4.57', '+%1.16', '-%0.39', '-%1.32', '-%0.78', '-%2.34', '-%8.27', '-%0.64', '+%1.27', '+%17.42', '+%1.50', '+%2.77', '+%3.90', '-%3.19', '-%1.77', '+%3.05', '-%4.29', '-%5.22', '+%2.86', '+%1.46', '-%0.88', '-%4.48', '+%3.02', '+%5.52', '+%8.48', '-%2.02', '+%4.31', '+%0.18', '-%1.51', '-%4.17', '-%0.47', '+%0.00', '+%0.28', '+%3.16', '-%2.02', '-%0.18', '+%3.87', '-%0.80', '-%1.82', '-%1.01', '-%1.12', '-%1.89', '-%2.13', '-%2.78', '-%5.21', '-%0.14', '+%3.28', '+%1.40', '-%6.55', '+%2.39', '+%2.08', '+%12.14', '+%3.18', '-%4.90', '-%0.28', '+%0.93', '+%0.09', '-%2.16', '+%1.22', '-%0.75', '-%2.00', '+%0.19', '+%6.65', '-%0.54', '-%3.33', '+%9.99', '+%13.20', '+%13.97', '+%4.37', '+%14.18', '-%3.98', '-%9.33', '-%10.29', '+%18.04', '-%0.58', '+%1.64', '+%0.29', '-%9.20', '+%5.51', '-%2.37', '-%1.67', '+%0.49', '-%2.39', '-%2.58', '-%3.20', '-%1.01', '-%4.13', '+%3.22', '+%6.38', '+%1.21', '+%0.88', '+%5.25', '+%4.69', '-%4.13', '+%0.83', '-%0.95', '-%1.74', '+%1.44', '-%6.78', '-%2.13', '+%8.09', '-%2.96', '+%2.09', '+%8.51', '+%9.40', '-%1.76', '-%3.76', '-%0.81', '-%0.05', '+%13.54', '+%14.93', '+%9.88', '+%31.04', '+%2.51', '-%10.81', '+%5.67', '+%0.68', '-%12.52', '+%3.62', '+%0.35', '+%2.66', '+%2.19', '+%10.78', '+%8.34', '-%0.15', '-%3.12', '-%2.10', '+%0.64', '-%5.42', '-%0.53', '+%3.24', '-%1.40', '-%3.88', '-%1.83', '+%3.40', '+%3.57', '+%2.09', '+%0.13', '+%12.44', '+%7.55', '-%1.33', '+%0.04', '+%24.52', '+%19.12', '+%6.17', '+%2.21', '-%1.67', '+%33.59', '+%2.92', '-%3.38', '+%0.47', '-%3.56', '-%0.88', '-%0.70', '-%0.73', '+%6.54', '-%1.24', '+%26.53', '-%3.91', '-%0.44', '-%0.61', '-%5.85', '+%9.19', '+%10.37', '+%14.33', '-%8.88', '-%0.89', '-%3.84', '-%2.60', '-%3.01', '-%2.75', '-%1.27', '-%3.32', '+%2.97', '+%3.48', '-%0.99', '-%5.96', '-%0.97', '+%5.40', '-%7.99', '-%2.99', '+%21.12', '+%10.34', '+%3.01', '-%9.76', '-%2.52', '-%5.39', '-%2.90', '-%2.81', '-%0.77', '-%1.13', '+%11.81', '-%3.95', '-%1.64', '+%0.82', '+%0.49', '-%1.81', '-%0.50', '+%2.98', '-%0.24', '-%3.94', '+%2.68', '+%9.55', '-%4.11', '-%5.31', '+%0.33', '+%1.87', '+%3.04', '+%4.42', '+%6.61', '+%8.50', '-%4.15', '+%1.67', '-%4.25', '-%5.35', '-%4.45', '-%3.35', '+%0.47', '-%0.63', '-%9.59', '+%2.57', '-%4.45', '+%9.24', '+%6.46', '+%1.27', '+%4.44', '-%2.84', '-%0.22', '-%0.96', '+%1.77', '-%1.02', '+%9.44', '+%13.91', '+%2.52', '-%5.43', '+%10.63', '-%0.38', '-%2.59']"
Up %5,"[1, 1, 0, 2, 0, 2, 0, 0, 1, 1, 1, 0, 1, 0, 1, 1, 0, 6, 1, 5, 0, 0, 1, 0, 0, 0, 0, 0, 0, 0, 0, 0, 0, 0, 0, 1, 0, 1, 0, 0, 4, 0, 0, 0, 0, 0, 0, 0, 0, 1, 0, 0, 0, 0, 9, 2, 4, 0, 0, 0, 1, 1, 0, 0, 0, 0, 1, 1, 0, 0, 2, 0, 0, 5, 0, 6, 1, 1, 0, 1, 7, 2, 1, 0, 1, 0, 0, 0, 0, 1, 0, 0, 2, 1, 2, 1, 2, 0, 0, 0, 0, 0, 0, 0, 0, 0, 0, 1, 1, 3, 1, 5, 0, 0, 0, 0, 2, 0, 0, 1, 2, 0, 1, 1, 2, 0, 0, 1, 1, 0, 0, 1, 0, 0, 0, 1, 1, 1, 0, 1, 0, 1, 0, 0, 2, 0, 2, 0, 2, 1, 1, 0, 2, 1, 0, 0, 0, 0, 0, 0, 0, 4, 1, 0, 1, 0, 1, 1, 0, 0, 0, 0, 0, 0, 0, 0, 4, 6, 0, 1, 0, 0, 0, 0, 2, 0, 0, 3, 7, 1, 1, 6, 6, 3, 3, 8, 1, 0, 0, 4, 2, 7, 1, 0, 1, 0, 0, 1, 0, 0, 1, 0, 0, 1, 2, 0, 1, 9, 7, 0, 3, 3, 1, 0, 0, 0, 3, 4, 3, 3, 2, 1, 0, 2, 6, 5, 8, 1, 8, 4, 0, 4, 3, 0, 0, 2, 4, 0, 1, 2, 1, 4, 0, 0, 1, 0, 1, 2, 0, 0, 4, 5, 2, 0, 5, 4, 3, 2, 4, 5, 3, 5, 4, 6, 1, 3, 4, 1, 0, 0, 2, 4, 3, 2, 0, 1, 0, 2, 2, 1, 1, 0, 3, 1, 2, 1, 0, 1, 1, 2, 4, 0, 1, 1, 7, 0, 0, 2, 1, 1, 0, 2, 0, 1, 0, 0, 0, 5, 0, 0, 4, 1, 2, 3, 5, 1, 1, 6, 6, 1, 1, 1, 5, 3, 1, 8, 5, 2, 5, 2, 0, 2, 1, 1, 2, 0, 1, 0, 8, 5, 2, 1, 6, 3, 0, 5, 3, 7, 5, 1, 1, 2, 3, 1]"
Down %5,"[0, 0, 3, 0, 1, 0, 0, 0, 1, 1, 0, 3, 0, 0, 0, 0, 0, 0, 2, 0, 4, 2, 0, 0, 0, 0, 0, 0, 0, 2, 3, 0, 0, 0, 0, 0, 0, 0, 1, 0, 0, 0, 0, 1, 0, 0, 0, 0, 0, 0, 0, 0, 0, 0, 0, 0, 0, 2, 1, 1, 0, 1, 1, 0, 1, 1, 0, 0, 1, 1, 0, 0, 0, 0, 0, 0, 2, 0, 0, 0, 0, 1, 4, 0, 0, 0, 0, 1, 0, 0, 2, 3, 0, 0, 0, 0, 0, 0, 4, 1, 1, 5, 0, 0, 1, 2, 0, 0, 1, 0, 0, 0, 2, 7, 5, 1, 3, 0, 0, 0, 0, 0, 0, 1, 0, 1, 1, 1, 0, 1, 0, 3, 4, 0, 0, 1, 0, 0, 0, 1, 0, 0, 1, 1, 0, 1, 0, 2, 0, 0, 1, 0, 0, 1, 0, 0, 0, 0, 0, 0, 0, 0, 1, 0, 0, 0, 0, 0, 1, 0, 1, 0, 0, 1, 1, 1, 0, 0, 1, 0, 0, 0, 0, 0, 0, 0, 0, 0, 0, 1, 1, 0, 0, 0, 0, 0, 4, 9, 9, 0, 0, 0, 2, 5, 0, 0, 2, 0, 0, 3, 1, 0, 0, 1, 1, 0, 0, 0, 0, 4, 0, 0, 0, 5, 2, 4, 0, 1, 2, 0, 1, 1, 2, 0, 1, 0, 1, 4, 0, 0, 5, 0, 0, 10, 7, 2, 0, 1, 0, 0, 0, 0, 3, 2, 6, 0, 0, 0, 5, 1, 0, 0, 3, 0, 1, 3, 0, 0, 1, 0, 1, 0, 0, 0, 1, 0, 0, 2, 4, 3, 1, 0, 1, 1, 3, 1, 9, 7, 1, 9, 0, 1, 0, 0, 0, 1, 2, 0, 0, 0, 0, 1, 2, 2, 0, 3, 3, 2, 1, 1, 1, 0, 1, 0, 1, 2, 7, 0, 0, 0, 0, 0, 0, 0, 1, 2, 2, 0, 0, 0, 4, 0, 0, 0, 1, 0, 1, 0, 0, 1, 9, 2, 3, 1, 2, 10, 3, 0, 0, 0, 0, 1, 0, 0, 0, 0, 1, 0, 1, 2, 3, 1, 1, 3]"
Up 10%,"[0, 0, 0, 1, 0, 0, 0, 0, 1, 0, 0, 0, 0, 0, 1, 1, 0, 4, 1, 0, 0, 0, 0, 0, 0, 0, 0, 0, 0, 0, 0, 0, 0, 0, 0, 0, 0, 1, 0, 0, 0, 0, 0, 0, 0, 0, 0, 0, 0, 1, 0, 0, 0, 0, 1, 2, 2, 0, 0, 0, 0, 0, 0, 0, 0, 0, 1, 0, 0, 0, 0, 0, 0, 2, 0, 2, 0, 0, 0, 0, 3, 0, 0, 0, 0, 0, 0, 0, 0, 0, 0, 0, 1, 0, 1, 0, 0, 0, 0, 0, 0, 0, 0, 0, 0, 0, 0, 1, 0, 0, 0, 1, 0, 0, 0, 0, 1, 0, 0, 1, 0, 0, 1, 1, 1, 0, 0, 0, 0, 0, 0, 1, 0, 0, 0, 1, 0, 0, 0, 0, 0, 0, 0, 0, 1, 0, 2, 0, 0, 0, 0, 0, 0, 0, 0, 0, 0, 0, 0, 0, 0, 2, 0, 0, 0, 0, 0, 0, 0, 0, 0, 0, 0, 0, 0, 0, 2, 1, 0, 0, 0, 0, 0, 0, 1, 0, 0, 1, 0, 1, 0, 0, 4, 1, 1, 7, 0, 0, 0, 2, 0, 1, 0, 0, 0, 0, 0, 0, 0, 0, 0, 0, 0, 0, 0, 0, 0, 2, 4, 0, 2, 2, 1, 0, 0, 0, 1, 0, 0, 0, 1, 0, 0, 1, 2, 5, 4, 0, 3, 1, 0, 3, 1, 0, 0, 2, 1, 0, 1, 0, 0, 2, 0, 0, 0, 0, 1, 0, 0, 0, 3, 3, 1, 0, 3, 1, 1, 2, 3, 1, 1, 3, 3, 4, 0, 1, 4, 1, 0, 0, 1, 2, 1, 2, 0, 1, 0, 2, 0, 1, 1, 0, 1, 0, 0, 0, 0, 0, 0, 1, 1, 0, 0, 1, 2, 0, 0, 2, 1, 0, 0, 1, 0, 0, 0, 0, 0, 2, 0, 0, 0, 0, 2, 2, 0, 0, 0, 4, 2, 1, 0, 0, 2, 1, 1, 2, 2, 2, 4, 1, 0, 1, 1, 0, 1, 0, 0, 0, 1, 0, 1, 0, 1, 2, 0, 3, 2, 4, 3, 1, 1, 1, 0, 1]"
Down %10,"[0, 0, 0, 0, 1, 0, 0, 0, 0, 1, 0, 1, 0, 0, 0, 0, 0, 0, 1, 0, 0, 0, 0, 0, 0, 0, 0, 0, 0, 0, 0, 0, 0, 0, 0, 0, 0, 0, 1, 0, 0, 0, 0, 0, 0, 0, 0, 0, 0, 0, 0, 0, 0, 0, 0, 0, 0, 1, 1, 0, 0, 0, 0, 0, 0, 0, 0, 0, 0, 0, 0, 0, 0, 0, 0, 0, 1, 0, 0, 0, 0, 0, 1, 0, 0, 0, 0, 0, 0, 0, 0, 0, 0, 0, 0, 0, 0, 0, 0, 0, 0, 0, 0, 0, 0, 0, 0, 0, 1, 0, 0, 0, 1, 4, 3, 0, 0, 0, 0, 0, 0, 0, 0, 1, 0, 0, 1, 0, 0, 1, 0, 0, 1, 0, 0, 1, 0, 0, 0, 0, 0, 0, 1, 0, 0, 1, 0, 1, 0, 0, 1, 0, 0, 0, 0, 0, 0, 0, 0, 0, 0, 0, 1, 0, 0, 0, 0, 0, 0, 0, 0, 0, 0, 0, 0, 0, 0, 0, 0, 0, 0, 0, 0, 0, 0, 0, 0, 0, 0, 0, 1, 0, 0, 0, 0, 0, 1, 5, 6, 0, 0, 0, 0, 0, 0, 0, 0, 0, 0, 0, 0, 0, 0, 0, 0, 0, 0, 0, 0, 0, 0, 0, 0, 4, 1, 1, 0, 1, 0, 0, 1, 0, 0, 0, 0, 0, 1, 1, 0, 0, 1, 0, 0, 5, 4, 0, 0, 0, 0, 0, 0, 0, 0, 1, 1, 0, 0, 0, 0, 0, 0, 0, 2, 0, 1, 2, 0, 0, 0, 0, 0, 0, 0, 0, 0, 0, 0, 0, 0, 0, 0, 0, 0, 0, 0, 1, 6, 5, 1, 2, 0, 0, 0, 0, 0, 0, 0, 0, 0, 0, 0, 0, 0, 0, 0, 0, 0, 0, 0, 0, 0, 0, 0, 0, 0, 0, 2, 0, 0, 0, 0, 0, 0, 0, 1, 0, 0, 0, 0, 0, 0, 0, 0, 0, 0, 0, 0, 0, 0, 1, 4, 0, 1, 1, 1, 6, 0, 0, 0, 0, 0, 0, 0, 0, 0, 0, 0, 0, 0, 1, 1, 0, 1, 1]"
